1987,"5,289,693"
007 스카이폴,"2,376,145"
007 스펙터,"1,820,760"
12 솔져스,"223,740"
1급기밀,"217,816"
23 아이덴티티,"1,675,798"
26년,"2,940,475"
300: 제국의 부활,"1,593,116"
47 미터,"590,036"
50가지 그림자: 해방,"217,785"
7년의 밤,"528,014"
7번방의 선물,"12,811,206"
R2B: 리턴투베이스,"1,201,944"
가디언즈,"1,056,250"
가디언즈 오브 갤럭시,"1,311,190"
가디언즈 오브 갤럭시 VOL. 2,"2,735,721"
가려진 시간,"510,878"
가문의 영광5 - 가문의 귀환,"1,012,223"
간기남,"1,246,185"
간신,"1,110,246"
간첩,"1,310,895"
감기,"3,119,023"
감시자들,"5,508,017"
갓 오브 이집트,"919,834"
강남 1970,"2,192,172"
강철비,"4,014,293"
개구쟁이 스머프 2,"921,788"
개를 훔치는 완벽한 방법,"263,227"
거울나라의 앨리스,"513,202"
건축학개론,"4,110,645"
검사외전,"9,707,158"
검은 사제들,"5,442,128"
게이트,"101,173"
겟 아웃,"2,138,146"
겨울왕국,"10,296,101"
결혼전야,"1,212,843"
경성학교: 사라진 소녀들,"356,342"
계춘할망,"482,259"
고령화 가족,"1,141,222"
"고산자, 대동여지도","974,262"
고스트버스터즈,"515,522"
고질라,"709,734"
곡성,"6,879,908"
곤지암,"2,675,618"
골든슬럼버,"1,387,562"
공각기동대 : 고스트 인 더 쉘,"764,072"
공모자들,"1,646,142"
공범,"1,766,285"
공조,"7,817,446"
관능의 법칙,"781,516"
관상,"9,134,586"
"광해, 왕이 된 남자","12,319,390"
구스범스,"297,356"
국가대표 2,"709,929"
국제시장,"8,911,437"
군도: 민란의 시대,"4,774,895"
군함도,"6,592,151"
굿 다이노,"1,328,394"
굿바이 싱글,"2,108,273"
궁합,"1,340,149"
귀향,"3,586,929"
그것,"888,836"
그것만이 내 세상,"3,417,677"
"그날, 바다","540,605"
그날의 분위기,"652,453"
그녀,"350,618"
그놈이다,"1,046,015"
그래비티,"3,194,698"
그랜드 부다페스트 호텔,"773,887"
그레이의 50가지 그림자,"364,415"
그레이트 월,"501,486"
극비수사,"2,860,786"
극장판 요괴워치: 염라대왕과 5개의 이야기다냥!,"330,665"
극장판 요괴워치: 탄생의 비밀이다냥!,"550,728"
극장판 포켓몬스터 너로 정했다!,"415,255"
"극장판 포켓몬스터 베스트위시: 신의 속도 게노세크트, 뮤츠의 각성","320,409"
극장판 포켓몬스터 베스트위시「큐레무 VS 성검사 케르디오」,"329,560"
극장판 포켓몬스터DP - 디아루가 VS 펄기아 VS 다크라이,"182,550"
극적인 하룻밤,"320,884"
기술자들,"1,778,083"
기억의 밤,"1,386,611"
깡철이,"1,209,363"
꾼,"4,018,035"
끝까지 간다,"3,450,305"
나는 왕이로소이다,"790,181"
나를 기억해,"140,975"
나를 잊지 말아요,"425,799"
나를 찾아줘,"1,764,233"
나미야 잡화점의 기적,"191,880"
나우 유 씨 미 : 마술사기단,"2,718,227"
나우 유 씨 미 2,"3,100,113"
나의 PS 파트너,"1,786,831"
나의 독재자,"385,934"
나의 사랑 나의 신부,"2,141,155"
나의 소녀시대,"406,353"
"날, 보러와요","1,063,421"
남영동1985,"332,597"
남자가 사랑할 때,"1,979,311"
남자사용설명서,"507,890"
남쪽으로 튀어,"832,894"
남한산성,"3,849,087"
내 심장을 쏴라,"387,409"
내 아내의 모든 것,"4,598,583"
내가 살인범이다,"2,729,798"
내부자들,"7,055,332"
내부자들: 디 오리지널,"1,923,851"
너의 이름은.,"3,637,122"
너의 췌장을 먹고 싶어,"465,265"
널 기다리며,"635,235"
넛잡 2,"411,787"
넛잡: 땅콩 도둑들,"478,392"
노무현입니다,"1,854,867"
노브레싱,"451,669"
노아,"2,026,574"
노예 12년,"498,004"
논스톱,"2,084,457"
눈의 여왕,"276,913"
눈의 여왕 2: 트롤의 마법거울,"498,320"
눈의 여왕 3: 눈과 불의 마법대결,"366,442"
늑대소년,"6,654,390"
늑대소년-확장판,"414,064"
늑대아이,"332,702"
닌자터틀,"400,329"
"님아, 그 강을 건너지 마오","3,846,378"
다운사이징,"150,221"
다이노 타임,"283,300"
다이노소어 어드벤처 3D,"507,164"
다이버전트,"424,041"
다이하드: 굿 데이 투 다이,"1,438,056"
다크 나이트 라이즈,"6,396,528"
다크 섀도우,"582,126"
다키스트 아워,"37,300"
닥터 스트레인지,"5,446,239"
당갈,"108,959"
"당신, 거기 있어줄래요","1,124,815"
대립군,"837,500"
대장 김창수,"381,483"
대호,"1,584,168"
댄싱퀸,"4,057,546"
더 울버린,"1,075,333"
더 울프 오브 월스트리트,"585,082"
더 웹툰: 예고살인,"1,201,033"
더 임파서블,"622,572"
더 킹,"5,316,325"
더 테러 라이브,"5,583,596"
더 파이브,"731,212"
더 포리너,"41,054"
더 포스트,"137,841"
더 폰,"1,593,694"
덕구,"313,344"
덕혜옹주,"5,599,229"
덩케르크,"2,788,732"
데드풀,"3,317,196"
데드풀 2,"3,783,375"
데자뷰,"48,287"
도둑들,"12,983,178"
도라에몽 : 스탠 바이 미,"503,968"
도리를 찾아서,"2,601,734"
도리화가,"317,505"
독전,"5,043,827"
돈 크라이 마미,"972,962"
돈의 맛,"1,166,018"
동주,"1,169,335"
동창생,"1,048,280"
두 개의 달,"426,706"
두근두근 내 인생,"1,624,601"
드라큘라: 전설의 시작,"1,321,751"
드래곤 길들이기 2,"3,000,056"
디스 민즈 워,"873,396"
또 하나의 약속,"496,937"
라라랜드,"2,385,108"
라이트 아웃,"1,111,284"
라이프,"459,984"
라이프 오브 파이,"1,588,373"
락아웃: 익스트림미션,"462,176"
램페이지,"1,385,515"
"러브, 로지","292,177"
러브픽션,"1,726,202"
러빙 빈센트,"384,540"
럭키,"6,975,290"
런 올 나이트,"289,534"
런닝맨,"1,422,844"
런던 해즈 폴른,"731,551"
레드 스패로,"108,344"
레드: 더 레전드,"3,004,647"
레드카펫,"316,953"
레디 플레이어 원,"2,253,729"
레미제라블,"3,210,107"
레버넌트: 죽음에서 돌아온 자,"2,007,180"
레슬러,"771,159"
레오나르도 다 빈치,"64,405"
레이디 버드,"101,781"
레전드 오브 타잔,"858,402"
레지던트 이블 5 : 최후의 심판,"558,433"
레지던트 이블: 파멸의 날,"765,259"
로건,"2,169,109"
로그 원: 스타워즈 스토리,"596,487"
로렉스,"298,366"
로보캅,"979,509"
"로봇, 소리","476,665"
론 레인저,"387,527"
롤러코스터,"270,148"
루시,"1,974,893"
루퍼,"571,922"
리얼,"470,105"
리오 2,"765,713"
리틀 포레스트,"1,504,888"
링컨: 뱀파이어 헌터,"344,876"
마녀,"661,970"
마다가스카3 : 이번엔 서커스다!,"1,628,563"
마다가스카의 펭귄,"1,512,340"
마담 뺑덕,"471,169"
마션,"4,880,800"
마스터,"4,935,320"
마야2,"96,992"
마이 웨이,"556,580"
마이펫의 이중생활,"2,520,510"
말레피센트,"1,397,526"
매그니피센트 7,"921,317"
매드 맥스: 분노의 도로,"3,842,441"
매직빈,"57,009"
맨 오브 스틸,"2,182,227"
맨 온 렛지,"591,841"
맨 인 더 다크,"1,003,406"
맨 인 블랙 3,"3,379,762"
머니백,"53,610"
메리다와 마법의 숲,"1,231,024"
메리와 마녀의 꽃,"535,331"
메이즈 러너,"2,812,427"
메이즈 러너: 데스 큐어,"2,299,751"
메이즈 러너: 스코치 트라이얼,"2,744,413"
메카닉: 리크루트,"551,897"
명량,"17,613,682"
명탐정 코난 : 수평선상의 음모,"389,873"
명탐정 코난 : 이차원의 저격수,"398,606"
명탐정 코난 : 코난 실종사건 - 사상 최악의 이틀,"257,381"
명탐정 코난 : 화염의 해바라기,"471,205"
명탐정 코난: 11번째 스트라이커,"524,914"
명탐정 코난: 순흑의 악몽,"508,803"
명탐정 코난:감벽의 관,"242,166"
명탐정 코난:진홍의 연가,"450,043"
모모와 다락방의 수상한 요괴들,"300,174"
모아나,"2,310,054"
몬스터,"526,547"
몬스터 대학교,"870,605"
몬스터 패밀리,"56,019"
몬스터 호텔,"884,885"
몬스터 호텔 2,"962,770"
몽타주,"2,095,592"
무뢰한,"414,626"
무서운 이야기,"331,760"
무서운 이야기 2,"495,522"
뮨: 달의 요정,"319,072"
미 비포 유,"944,981"
미나문방구,"334,323"
미녀와 야수,"5,138,193"
미녀와 야수,"315,348"
미니언즈,"2,625,572"
미니특공대X,"99,958"
미드나잇 선,"151,713"
미드나잇 인 파리,"355,081"
미션 임파서블: 로그네이션,"6,126,488"
미션임파서블:고스트프로토콜,"2,533,735"
미스 페레그린과 이상한 아이들의 집,"2,718,158"
미스터 고,"1,328,890"
미쓰 와이프,"988,451"
미쓰GO,"611,685"
미씽: 사라진 여자,"1,153,109"
미이라,"3,689,325"
미확인 동영상 : 절대클릭금지,"867,386"
밀레니엄 : 여자를 증오한 남자들,"443,889"
밀정,"7,500,420"
바람 바람 바람,"1,194,239"
바람과 함께 사라지다,"4,909,937"
박물관이 살아있다 : 비밀의 무덤,"1,101,678"
박수건달,"3,893,216"
박열,"2,359,174"
반드시 잡는다,"446,780"
반딧불이 딘딘,"36,737"
반창꼬,"1,730,535"
발레리안: 천 개 행성의 도시,"511,931"
밤의 여왕,"252,475"
방황하는 칼날,"989,881"
배트맨 대 슈퍼맨: 저스티스의 시작,"2,256,913"
배틀쉽,"2,241,687"
백 투 더 비기닝,"266,389"
백설공주,"585,473"
버닝,"527,981"
벅스 프렌즈,"36,516"
번개맨과 신비의 섬,"60,561"
범죄도시,"6,879,841"
범죄와의 전쟁: 나쁜놈들 전성시대,"4,719,872"
베를린,"7,166,199"
베이비 드라이버,"822,656"
베테랑,"13,414,009"
벤허,"1,400,301"
변호인,"5,687,558"
보스 베이비,"2,451,919"
보안관,"2,588,617"
보통사람,"383,336"
본 레거시,"1,015,711"
봉이 김선달,"2,051,277"
부라더,"1,492,903"
부러진 화살,"3,450,941"
"부르고뉴, 와인에서 찾은 인생","53,290"
부산행,"11,565,479"
분노의 질주: 더 맥시멈,"1,790,457"
분노의 질주: 더 세븐,"3,247,955"
분노의 질주: 더 익스트림,"3,653,238"
불한당: 나쁜 놈들의 세상,"939,535"
뷰티 인사이드,"2,053,435"
브레이킹 던 part2,"2,654,817"
브리짓 존스의 베이비,"820,995"
브이아이피,"1,373,316"
블랙 팬서,"5,399,070"
비긴 어게인,"3,427,524"
비밥바룰라,"46,819"
비행기 2: 소방구조대,"311,456"
빅 히어로,"2,801,949"
빅매치,"1,177,438"
빅쇼트,"446,664"
빌리와 용감한 녀석들 2,"306,837"
빌리와 용감한 녀석들 3D,"299,434"
뽀로로 극장판 공룡섬 대모험,"773,743"
뽀로로 극장판 슈퍼썰매 대모험,"929,985"
뽀로로 극장판 컴퓨터 왕국 대모험,"391,760"
사냥,"645,922"
사도,"6,246,849"
사라진 밤,"1,315,735"
사이코메트리,"534,176"
살인소설,"49,685"
살인의뢰,"855,980"
살인자의 기억법,"2,658,589"
상의원,"676,632"
새미의 어드벤쳐 2,"1,457,380"
샌 안드레아스,"1,716,306"
섀도우 헌터스: 뼈의 도시,"571,074"
서부전선,"609,063"
석조저택 살인사건,"353,043"
선 오브 갓,"329,253"
설국열차,"9,349,991"
설리: 허드슨강의 기적,"627,102"
성난 변호사,"1,128,288"
셜록: 유령신부,"1,278,894"
셜록홈즈 : 그림자 게임,"949,299"
셰이프 오브 워터: 사랑의 모양,"506,408"
소공녀,"58,566"
소녀괴담,"481,696"
소수의견,"383,332"
소원,"2,711,071"
손님,"828,025"
수상한 그녀,"8,656,397"
수어사이드 스쿼드,"1,898,121"
순수의 시대,"469,891"
숨바꼭질,"5,604,104"
숲속으로,"317,406"
슈퍼배드 2,"962,865"
슈퍼배드 3,"3,324,861"
스노우 화이트 앤 더 헌츠맨,"636,631"
스머프: 비밀의 숲,"427,764"
스물,"3,044,134"
스타워즈: 깨어난 포스,"2,803,234"
스타워즈: 라스트 제다이,"946,547"
스타트렉 다크니스,"1,605,271"
스타트렉 비욘드,"1,157,156"
"스탠바이, 웬디","46,563"
스텝 업: 올 인,"564,589"
스텝업4 : 레볼루션,"953,871"
스토커,"378,729"
스파이,"3,435,801"
스파이 브릿지,"264,872"
스파이더맨: 홈 커밍,"7,258,678"
스파키,"35,436"
스포트라이트,"297,944"
스폰지밥 3D,"325,016"
스플릿,"758,195"
슬로우 비디오,"1,169,562"
시간이탈자,"1,202,384"
시체가 돌아왔다,"986,923"
시카리오: 데이 오브 솔다도,"124,021"
신과함께-죄와 벌,"8,539,495"
신데렐라,"716,386"
신비한 동물사전,"4,662,534"
신세계,"4,682,492"
신의 한 수,"3,566,336"
신이 보낸 사람,"424,258"
싱 스트리트,"560,622"
썬더와 마법저택,"459,297"
쎄시봉,"1,714,803"
쓰리 빌보드,"97,480"
씽,"1,063,175"
아가씨,"4,287,839"
아기배달부 스토크,"322,354"
아메리칸 메이드,"401,541"
아메리칸 스나이퍼,"344,766"
아부의 왕,"497,880"
아빠는 딸,"646,924"
아수라,"2,594,028"
아이 캔 스피크,"3,279,296"
아이 필 프리티,"229,495"
아이스 에이지 4: 대륙 이동설,"1,648,070"
아이스 에이지: 지구 대충돌,"553,760"
아이언맨 3,"9,001,309"
아일라,"36,335"
악녀,"1,208,081"
악의 연대기,"2,192,525"
"안녕, 나의 소녀","111,541"
"안녕, 헤이즐","749,146"
암살,"12,705,700"
애나벨,"926,027"
애나벨 : 인형의 주인,"1,934,192"
애프터 어스,"537,920"
앤트맨,"2,841,699"
앨빈과 슈퍼밴드: 악동 어드벤처,"292,495"
앵그리버드 더 무비,"680,606"
어린왕자,"428,855"
어메이징 스파이더맨,"4,853,123"
어메이징 스파이더맨 2,"4,168,350"
어바웃 타임,"2,856,065"
어벤져스,"7,074,867"
어벤져스: 에이지 오브 울트론,"10,494,499"
어벤져스: 인피니티 워,"11,202,737"
어쌔신 크리드,"355,913"
언더 워터,"384,789"
언터처블: 1%의 우정,"1,720,052"
얼라이드,"518,886"
얼리맨,"122,359"
에베레스트,"332,180"
에이리언: 커버넌트,"1,307,226"
에픽 : 숲속의 전설,"978,788"
엑소더스: 신들과 왕들,"1,511,195"
엑스맨: 데이즈 오브 퓨처 패스트,"4,313,871"
엑스맨: 아포칼립스,"2,938,818"
엔더스 게임,"487,679"
엘리시움,"1,207,732"
엣지 오브 투모로우,"4,699,208"
여중생A,"86,843"
역린,"3,849,433"
연가시,"4,515,833"
연애의 온도,"1,865,195"
연평해전,"6,043,784"
열정같은소리하고있네,"654,102"
열한시,"870,785"
염력,"990,111"
오늘의 연애,"1,891,993"
오리엔트 특급 살인,"863,567"
오블리비언,"1,515,356"
오빠생각,"1,069,436"
오션스8,"1,252,385"
오즈 그레이트 앤드 파워풀,"350,563"
오즈의 마법사: 돌아온 도로시,"298,298"
오피스,"441,208"
온리 더 브레이브,"49,612"
올 더 머니,"70,295"
용의자,"1,954,496"
용의자,"2,176,752"
용의자X,"1,552,055"
우는 남자,"603,409"
우리는 형제입니다,"970,373"
우아한 거짓말,"1,618,988"
워크래프트: 전쟁의 서막,"1,163,274"
원더,"178,277"
원더 우먼,"2,165,401"
원더풀 라디오,"977,470"
원라인,"434,777"
월드 워 Z,"5,237,525"
월요일이 사라졌다,"903,195"
월터의 상상은 현실이 된다,"834,393"
웜 바디스,"1,169,839"
위대한 개츠비,"1,445,124"
위대한 소원,"308,398"
위대한 쇼맨,"814,587"
위자: 저주의 시작,"331,877"
위플래쉬,"1,589,032"
위험한 관계,"298,086"
위험한 상견례 2,"472,693"
유전,"174,223"
은교,"1,346,274"
은밀하게 위대하게,"6,959,083"
음치 클리닉,"338,168"
이미테이션 게임,"1,743,936"
이스케이프 플랜,"292,893"
이웃사람,"2,434,099"
익스펜더블 2,"444,434"
인간중독,"1,441,964"
인디펜던스 데이 : 리써전스,"1,500,830"
인사이드 아웃,"4,969,735"
인서전트,"282,662"
인시디어스 3,"825,517"
인시디어스: 두번째 집,"577,748"
인시디어스4: 라스트 키,"554,535"
인천상륙작전,"7,049,643"
인터스텔라,"10,105,249"
인턴,"3,610,564"
인투 더 스톰,"2,078,492"
인페르노,"689,071"
잃어버린 세계를 찾아서 2: 신비의 섬,"1,149,628"
임금님의 사건수첩,"1,634,403"
장고:분노의 추적자,"260,144"
장산범,"1,306,438"
장수상회,"1,163,575"
장화신은 고양이,"2,080,154"
재심,"2,421,011"
잭 더 자이언트 킬러,"956,154"
잭 라이언 : 코드네임 쉐도우,"327,591"
잭 리처,"784,031"
잭 리처: 네버 고 백,"611,097"
저스티스 리그,"1,786,383"
전국노래자랑,"977,873"
전설의 주먹,"1,744,585"
점박이:한반도의 공룡3D,"1,040,636"
점쟁이들,"953,682"
정글번치: 최강 악당의 등장,"37,343"
정글북,"2,537,419"
제보자,"1,755,181"
제이슨 본,"2,611,966"
젝스키스 에이틴,"50,419"
조선마술사,"403,919"
조선명탐정 : 사라진 놉의 딸,"3,872,015"
조선명탐정: 흡혈괴마의 비밀,"2,444,180"
조선미녀삼총사,"480,361"
조작된 도시,"2,514,943"
존 카터: 바숨 전쟁의 서막,"838,126"
좋아해줘,"848,148"
좋은 친구들,"407,210"
주먹왕 랄프,"616,863"
주온 : 끝의 시작,"410,644"
주토피아,"4,703,245"
주피터 어센딩,"309,729"
쥬라기 월드,"5,546,792"
쥬라기 월드: 폴른 킹덤,"5,519,298"
쥬만지: 새로운 세계,"1,708,692"
지.아이.조 2,"1,855,917"
지금 만나러 갑니다,"2,601,572"
지오스톰,"1,028,384"
집으로 가는 길,"1,763,231"
찌라시: 위험한 소문,"1,221,420"
차이나타운,"1,472,006"
차이니즈 조디악,"315,305"
차형사,"1,346,754"
창수,"429,141"
채피,"573,657"
챔피언,"1,128,703"
천재 강아지 미스터 피바디,"385,552"
청년경찰,"5,653,270"
치외법권,"346,483"
치즈인더트랩,"229,005"
친구 2,"2,969,900"
침묵,"494,097"
카3: 새로운 도전,"487,916"
카트,"812,490"
캐롤,"319,357"
캐리비안의 해적: 죽은 자는 말이 없다,"3,049,894"
캐치미,"480,434"
캡틴 아메리카: 시빌 워,"8,677,249"
캡틴 아메리카: 윈터 솔져,"3,963,220"
커다랗고 커다랗고 커다란 배,"94,765"
커뮤터,"286,044"
컨저링,"2,262,758"
컨저링 2,"1,928,605"
컨택트,"634,150"
코리아,"1,872,681"
코코,"3,510,040"
콜 미 바이 유어 네임,"198,013"
콩: 스컬 아일랜드,"1,689,717"
콰이어트 플레이스,"526,078"
쿵푸팬더3,"3,984,812"
크로니클,"384,398"
크루즈 패밀리,"941,615"
클라우드 아틀라스,"449,071"
클로버필드 10번지,"357,736"
킬러의 보디가드,"1,721,757"
킹 아서: 제왕의 검,"415,714"
킹스맨 : 시크릿 에이전트,"6,129,681"
킹스맨: 골든 서클,"4,945,484"
타워,"3,166,425"
타이탄의 분노,"893,027"
타잔 3D,"597,142"
타짜-신의 손,"4,015,361"
탐정 : 더 비기닝,"2,625,686"
탐정 홍길동: 사라진 마을,"1,430,666"
탐정: 리턴즈,"2,677,442"
택시운전사,"12,186,327"
터널,"7,120,508"
터닝메카드W: 블랙미러의 부활,"429,569"
터미네이터 제니시스,"3,240,370"
터보,"1,923,748"
테이큰 2,"2,308,596"
테이큰 3,"1,860,934"
토르: 다크 월드,"3,039,889"
토르: 라그나로크,"4,853,778"
토르: 마법망치의 전설,"768,367"
토탈 리콜,"1,219,637"
투모로우랜드,"265,744"
툼레이더,"540,410"
트랜센던스,"696,412"
트랜스포머: 사라진 시대,"5,295,801"
트랜스포머: 최후의 기사,"2,614,601"
트롤,"675,966"
트루스 오어 데어,"310,701"
트리플 엑스 리턴즈,"475,309"
특별수사: 사형수의 편지,"1,241,899"
특별시민,"1,362,634"
특종: 량첸살인기,"616,481"
파이스토리 : 악당상어 소탕작전,"267,373"
파파,"587,279"
파파로티,"1,716,429"
판도라,"4,313,864"
판타스틱 4,"399,667"
패딩턴,"305,100"
패딩턴 2,"338,899"
패션왕,"594,871"
패신저스,"668,576"
패터슨,"35,870"
퍼시 잭슨과 괴물의 바다,"519,584"
퍼시픽 림,"2,539,114"
퍼시픽 림: 업라이징,"1,077,238"
퍼펙트 게임,"695,312"
페르디난드,"533,790"
페이스메이커,"467,697"
포인트 브레이크,"294,320"
폼페이: 최후의 날,"1,373,873"
표적,"2,841,788"
퓨리,"1,362,114"
프랑켄슈타인: 불멸의 영웅,"299,205"
프렌즈: 몬스터섬의비밀,"363,179"
프로메테우스,"971,482"
프리즌,"2,931,897"
플랜맨,"632,299"
플로리다 프로젝트,"93,936"
플립,"354,601"
피끓는 청춘,"1,676,040"
피에타,"603,283"
피터 래빗,"387,795"
픽셀,"681,945"
하늘에서 음식이 내린다면 2,"797,850"
하루,"1,129,609"
하울링,"1,612,554"
하이힐,"341,606"
하트 오브 더 씨,"809,399"
한 솔로: 스타워즈 스토리,"213,986"
함정,"257,990"
해무(海霧),"1,475,472"
해빙,"1,204,600"
해어화,"485,695"
해적: 바다로 간 산적,"8,666,046"
해피 데스데이,"1,382,650"
허리케인 하이스트,"214,949"
허삼관,"955,175"
허스토리,"169,334"
헌츠맨: 윈터스 워,"445,009"
헝거게임: 더 파이널,"806,520"
헝거게임: 모킹제이,"854,377"
헝거게임: 캣칭 파이어,"1,125,739"
헝거게임: 판엠의 불꽃,"607,956"
헨젤과 그레텔: 마녀 사냥꾼 3D,"269,510"
헬머니,"522,929"
"협녀, 칼의 기억","431,310"
형,"2,979,659"
호빗: 다섯 군대 전투,"2,509,887"
호빗: 뜻밖의 여정,"2,605,124"
호빗: 스마우그의 폐허,"2,115,878"
혹성탈출: 반격의 서막,"4,002,560"
혹성탈출: 종의 전쟁,"2,051,315"
혼숨,"288,016"
홈,"360,556"
화이: 괴물을 삼킨 아이,"2,394,453"
화이트 하우스 다운,"569,500"
화차,"2,436,400"
황제를 위하여,"592,367"
회사원,"1,110,523"
후궁 : 제왕의 첩,"2,636,320"
흥부: 글로 세상을 바꾼 자,"416,346"
히든 피겨스,"449,518"
히말라야,"5,129,409"
